{
  "version": 3,
  "configurePresets": [
    {
      "name": "Qt-Debug",
      "inherits": "Qt-Default",
      "binaryDir": "${sourceDir}/out/build",
      "cacheVariables": {
        "CMAKE_BUILD_TYPE": "Debug",
        "CMAKE_CXX_FLAGS": "-DQT_QML_DEBUG"
      },
      "environment": {
        "QML_DEBUG_ARGS": "-qmljsdebugger=file:{78264804-4ad5-40a2-9a0d-73a7bc2fe420},block"
      }
    },
    {
      "name": "Qt-Release",
      "inherits": "Qt-Default",
      "binaryDir": "${sourceDir}/out/build",
      "cacheVariables": {
        "CMAKE_BUILD_TYPE": "Release"
      }
    },
    {
      "hidden": true,
      "name": "Qt-Default",
      "inherits": "6.7.0_msvc2019_64",
      "vendor": {
        "qt-project.org/Default": {
          "checksum": "/LIi1Qk9rOuZl7aAva45VvwngbI="
        }
      }
    },
    {
      "hidden": true,
      "name": "6.7.0_msvc2019_64",
      "inherits": "Qt",
      "environment": {
        "QTDIR": "E:/QT/QT_main/6.7.0/msvc2019_64"
      },
      "architecture": {
        "strategy": "external",
        "value": "x64"
      },
      "generator": "Ninja",
      "vendor": {
        "qt-project.org/Version": {
          "checksum": "8LWvH++dXDQeDSvRQ8oMJNSBhi0="
        }
      }
    }
  ],
  "vendor": {
    "qt-project.org/Presets": {
      "checksum": "nY8dUqFK7tNGGFboWdWQ5HFtH2w="
    }
  }
}